{
  "products": [
    {
      "id": 1,
      "name": "tomatoes",
      "price": "40"
    },
    {
      "id": 2,
      "name": "onion",
      "price": "40"
    },
    {
      "id": 3,
      "name": "",
      "price": "40"
    }
  ],
  "users": [
    {
      "id": 1,
      "name": "shubham",
      "email": "shubham@gmail.com",
      "password": "Pass123$"
    }
  ],
  "orders": [
    {
      "id": 1
    },
    {
      "firstName": "adfasdf",
      "lastName": "asdfasf",
      "email": "asdfasd@adsfasdf",
      "mobileNo": 8080797112,
      "address": "asdfasdfadf",
      "products": [
        {
          "productId": 8,
          "productName": "Strawberries",
          "productPrice": 150,
          "quantity": 3
        },
        {
          "productId": 7,
          "productName": "Melon",
          "productPrice": 80,
          "quantity": 4
        }
      ],
      "total": 770,
      "id": 2
    },
    {
      "firstName": "Prajyot",
      "lastName": "Jadhav",
      "email": "prajyot@gmail.com",
      "mobileNo": 8080797112,
      "address": "Nashik Nashik",
      "products": [
        {
          "productId": 4,
          "productName": "Strawberries",
          "productPrice": 150,
          "quantity": 2
        },
        {
          "productId": 7,
          "productName": "Melon",
          "productPrice": 80,
          "quantity": 2
        }
      ],
      "total": 460,
      "id": 3
    }
  ]
}