{
  "user": [
    {
      "id": 1
    },
    {
      "firstName": "asfasdf",
      "lastName": "asdfaf",
      "mobile": "asdfasdf",
      "email": "asdf",
      "gender": "Male",
      "dob": "asdf",
      "address": "asdf",
      "password": "asdf",
      "confirmPassword": "asdf",
      "degree": "",
      "university": "pune",
      "yearOfPassing": "2024",
      "percentage": "90",
      "organisation": "asdfasdf",
      "companyAddress": "asf",
      "yearsWorked": "",
      "designation": "",
      "image": "blob:http://localhost:3000/ca20a377-096b-48da-9c3d-c684af6e822f",
      "specialization": "be",
      "id": 2
    },
    {
      "firstName": "shubham",
      "lastName": "khaire",
      "mobile": "8080797112",
      "email": "khaires750@gmail.com",
      "gender": "Male",
      "dob": "01/09/2002",
      "address": "chandwad",
      "password": "Pass@123",
      "confirmPassword": "Pass@123",
      "specialization": "be",
      "university": "sppy",
      "yearOfPassing": "2024",
      "percentage": "90",
      "organisation": "Aress",
      "companyAddress": "Ambad",
      "yearsWorked": "",
      "designation": "",
      "image": "blob:http://localhost:3000/7d9bdad9-3f6b-43f9-9df8-be4a38c70b17",
      "id": 3
    },
    {
      "firstName": "asdf",
      "lastName": "asfasdf",
      "mobile": "asdfas",
      "email": "asdfasdf@adsf",
      "gender": "",
      "dob": "",
      "address": "",
      "password": "",
      "confirmPassword": "",
      "specialization": "bcom",
      "university": "asdf",
      "yearOfPassing": "asdf",
      "percentage": "asdff",
      "organisation": "asdfas",
      "companyAddress": "asdfasdf",
      "yearsWorked": "asdff",
      "designation": "asfd",
      "image": "blob:http://localhost:3000/f16a59d7-b059-4abe-8dfd-569a91e31e2d",
      "id": 4
    },
    {
      "firstName": "",
      "lastName": "",
      "mobile": "",
      "email": "",
      "gender": "",
      "dob": "",
      "address": "",
      "password": "",
      "confirmPassword": "",
      "degree": "",
      "university": "",
      "yearOfPassing": "",
      "percentage": "",
      "organisation": "",
      "companyAddress": "",
      "yearsWorked": "",
      "designation": "",
      "image": "",
      "id": 5
    }
  ]
}