{
  "players": [
    {
      "firstName": "Amol",
      "lastName": "Khaire",
      "dob": "2024-07-10",
      "contractAmount": 99991,
      "totalMatches": 19,
      "specification": [
        "batting"
      ],
      "history": "World record",
      "id": 2,
      "teamTitle": "DC"
    },
    {
      "firstName": "Sachin",
      "lastName": "Tendulkar",
      "dob": "1973-04-24",
      "contractAmount": 1000000,
      "totalMatches": 463,
      "specification": [
        "batting",
        "bowling"
      ],
      "history": "Legendary cricketer",
      "id": 1,
      "teamTitle": "MI"
    },
    {
      "firstName": "Virat",
      "lastName": "Kohli",
      "dob": "1988-11-05",
      "contractAmount": 1250000,
      "totalMatches": 254,
      "specification": [
        "batting"
      ],
      "history": "Modern great",
      "id": 18,
      "teamTitle": "RCB"
    },
    {
      "firstName": "Steve",
      "lastName": "Smith",
      "dob": "1989-06-02",
      "contractAmount": 1100000,
      "totalMatches": 176,
      "specification": [
        "batting"
      ],
      "history": "Versatile batsman",
      "id": 15,
      "teamTitle": "RR"
    },
    {
      "firstName": "Kane",
      "lastName": "Williamson",
      "dob": "1990-08-08",
      "contractAmount": 1050000,
      "totalMatches": 181,
      "specification": [
        "batting"
      ],
      "history": "Captain fantastic",
      "id": 7,
      "teamTitle": "SRH"
    },
    {
      "firstName": "Rohit",
      "lastName": "Sharma",
      "dob": "1987-04-30",
      "contractAmount": 1200000,
      "totalMatches": 345,
      "specification": [
        "batting"
      ],
      "history": "Hitman",
      "id": 45,
      "teamTitle": "MI"
    },
    {
      "firstName": "Jos",
      "lastName": "Buttler",
      "dob": "1990-09-08",
      "contractAmount": 950000,
      "totalMatches": 177,
      "specification": [
        "batting",
        "wicketkeeping"
      ],
      "history": "Explosive batsman",
      "id": 10,
      "teamTitle": "RR"
    },
    {
      "firstName": "   asfa",
      "lastName": "   afasdf",
      "dob": "2024-07-10",
      "contractAmount": 5556,
      "totalMatches": 5555,
      "teamTitle": "KKR",
      "specification": [
        "bowling"
      ],
      "history": "                     123ADSFF",
      "id": 46
    }
  ],
  "users": [
    {
      "firstName": "Admin",
      "email": "a@b.com",
      "password": "Pass@123"
    }
  ],
  "teams": [
    "MI",
    "CSK",
    "RCB",
    "KKR",
    "SRH",
    "DC",
    "PBKS",
    "RR"
  ]
}