{
  "users": [
    {
      "id": 1,
      "name": "shubham",
      "email": "shubham@gmail.com",
      "password": "Pass123$"
    },
    {
      "id": 2,
      "name": "darshan",
      "email": "darshan@gmail.com",
      "password": "Pass123$"
    }
  ],
  "orders": [
    {
      "firstName": "shubham",
      "lastName": "Khaire",
      "email": "shubham@gmail.com",
      "mobileNo": 8080797112,
      "address": "Nashik Maharashtra",
      "products": [
        {
          "productId": 3,
          "productName": "Carrot",
          "productPrice": 50,
          "quantity": 1
        },
        {
          "productId": 4,
          "productName": "Strawberries",
          "productPrice": 150,
          "quantity": 1
        }
      ],
      "total": 200,
      "id": 1
    }
  ]
}