{
  "products": [
    {
      "id": 1,
      "name": "tomatoes",
      "price": "40"
    },
    {
      "id": 2,
      "name": "onion",
      "price": "40"
    },
    {
      "id": 3,
      "name": "",
      "price": "40"
    }
  ],
  "users": [
    {
      "id": 1,
      "name": "shubham",
      "email": "shubham@gmail.com",
      "password": "Pass123$"
    }
  ],
  "orders": [
    {
      "id": 1
    },
    {
      "firstName": "adfasdf",
      "lastName": "asdfasf",
      "email": "asdfasd@adsfasdf",
      "mobileNo": 8080797112,
      "address": "asdfasdfadf",
      "products": [
        {
          "productId": 8,
          "productName": "Strawberries",
          "productPrice": 150,
          "quantity": 3
        },
        {
          "productId": 7,
          "productName": "Melon",
          "productPrice": 80,
          "quantity": 4
        }
      ],
      "total": 770,
      "id": 2
    },
    {
      "firstName": "Prajyot",
      "lastName": "Jadhav",
      "email": "prajyot@gmail.com",
      "mobileNo": 8080797112,
      "address": "Nashik Nashik",
      "products": [
        {
          "productId": 4,
          "productName": "Strawberries",
          "productPrice": 150,
          "quantity": 2
        },
        {
          "productId": 7,
          "productName": "Melon",
          "productPrice": 80,
          "quantity": 2
        }
      ],
      "total": 460,
      "id": 3
    },
    {
      "firstName": "shubham",
      "lastName": "Khaire",
      "email": "shubham@gmail.com",
      "mobileNo": 8080797112,
      "address": "Nashik Maharashtra",
      "products": [
        {
          "productId": 3,
          "productName": "Carrot",
          "productPrice": 50,
          "quantity": 1
        },
        {
          "productId": 4,
          "productName": "Strawberries",
          "productPrice": 150,
          "quantity": 1
        }
      ],
      "total": 200,
      "id": 4
    },
    {
      "firstName": "shubham",
      "lastName": "khaire",
      "email": "shubham@gmail.com",
      "mobileNo": 8080797112,
      "address": "HARSUL Nashik",
      "products": [
        {
          "productId": 1,
          "productName": "Banana",
          "productPrice": 100,
          "quantity": 1
        },
        {
          "productId": 2,
          "productName": "Potatoes",
          "productPrice": 200,
          "quantity": 1
        }
      ],
      "total": 300,
      "id": 5
    },
    {
      "firstName": "shubham",
      "lastName": "Khaire",
      "email": "khaires750@gmail.com",
      "mobileNo": 8080797112,
      "address": "Durganagar Ujwla hire niwas",
      "products": [
        {
          "productId": 3,
          "productName": "Carrot",
          "productPrice": 50,
          "quantity": 1
        },
        {
          "productId": 4,
          "productName": "Strawberries",
          "productPrice": 150,
          "quantity": 1
        }
      ],
      "total": 200,
      "id": 6
    },
    {
      "firstName": "shubham",
      "lastName": "khaire",
      "email": "shubham@gmail.com",
      "mobileNo": 8080797112,
      "address": "Nashik Nashik",
      "products": [
        {
          "productId": 3,
          "productName": "Carrot",
          "productPrice": 50,
          "quantity": 2
        },
        {
          "productId": 5,
          "productName": "Cucumber",
          "productPrice": 90,
          "quantity": 2
        },
        {
          "productId": 9,
          "productName": "Potatoes",
          "productPrice": 200,
          "quantity": 2
        },
        {
          "productId": 7,
          "productName": "Melon",
          "productPrice": 80,
          "quantity": 2
        }
      ],
      "total": 840,
      "id": 7
    }
  ]
}